iso3,iso2,comtrade_code,tradenavi_code,name_ko,name_en,currency_code,lat,lon
KOR,KR,410,KR,대한민국,South Korea,KRW,37.57,126.98
USA,US,842,US,미국,United States,USD,38.9,-77.0
CHN,CN,156,CN,중국,China,CNY,39.9,116.4
JPN,JP,392,JP,일본,Japan,JPY,35.7,139.7
DEU,DE,276,EU,독일,Germany,EUR,52.5,13.4
GBR,GB,826,GB,영국,United Kingdom,GBP,51.5,-0.1
FRA,FR,251,EU,프랑스,France,EUR,48.9,2.4
IND,IN,699,IN,인도,India,INR,28.6,77.2
ITA,IT,380,EU,이탈리아,Italy,EUR,41.9,12.5
BRA,BR,76,BR,브라질,Brazil,BRL,-15.8,-47.9
CAN,CA,124,CA,캐나다,Canada,CAD,45.4,-75.7
RUS,RU,643,RU,러시아,Russia,RUB,55.8,37.6
AUS,AU,36,AU,호주,Australia,AUD,-35.3,149.1
ESP,ES,724,EU,스페인,Spain,EUR,40.4,-3.7
MEX,MX,484,MX,멕시코,Mexico,MXN,19.4,-99.1
IDN,ID,360,ID,인도네시아,Indonesia,IDR,-6.2,106.8
NLD,NL,528,EU,네덜란드,Netherlands,EUR,52.1,4.3
SAU,SA,682,SA,사우디아라비아,Saudi Arabia,SAR,24.7,46.7
TUR,TR,792,TR,튀르키예,Turkiye,TRY,39.9,32.9
CHE,CH,757,CH,스위스,Switzerland,CHF,46.9,7.4
POL,PL,616,EU,폴란드,Poland,PLN,52.2,21.0
BEL,BE,56,EU,벨기에,Belgium,EUR,50.8,4.4
SWE,SE,752,EU,스웨덴,Sweden,SEK,59.3,18.1
IRL,IE,372,EU,아일랜드,Ireland,EUR,53.3,-6.3
ARG,AR,32,AR,아르헨티나,Argentina,ARS,-34.6,-58.4
THA,TH,764,TH,태국,Thailand,THB,13.8,100.5
NOR,NO,579,NO,노르웨이,Norway,NOK,59.9,10.8
ISR,IL,376,IL,이스라엘,Israel,ILS,31.8,35.2
SGP,SG,702,SG,싱가포르,Singapore,SGD,1.35,103.8
MYS,MY,458,MY,말레이시아,Malaysia,MYR,3.1,101.7
PHL,PH,608,PH,필리핀,Philippines,PHP,14.6,121.0
VNM,VN,704,VN,베트남,Vietnam,VND,21.0,105.8
ZAF,ZA,710,ZA,남아프리카공화국,South Africa,ZAR,-25.7,28.2
DNK,DK,208,EU,덴마크,Denmark,DKK,55.7,12.6
COL,CO,170,CO,콜롬비아,Colombia,COP,4.7,-74.1
BGD,BD,50,BD,방글라데시,Bangladesh,BDT,23.8,90.4
EGY,EG,818,EG,이집트,Egypt,EGP,30.0,31.2
PAK,PK,586,PK,파키스탄,Pakistan,PKR,33.7,73.1
CHL,CL,152,CL,칠레,Chile,CLP,-33.4,-70.7
FIN,FI,246,EU,핀란드,Finland,EUR,60.2,24.9
ROU,RO,642,EU,루마니아,Romania,RON,44.4,26.1
CZE,CZ,203,EU,체코,Czechia,CZK,50.1,14.4
PRT,PT,620,EU,포르투갈,Portugal,EUR,38.7,-9.1
NZL,NZ,554,NZ,뉴질랜드,New Zealand,NZD,-41.3,174.8
PER,PE,604,PE,페루,Peru,PEN,-12.0,-77.0
GRC,GR,300,EU,그리스,Greece,EUR,38.0,23.7
QAT,QA,634,QA,카타르,Qatar,QAR,25.3,51.5
KAZ,KZ,398,KZ,카자흐스탄,Kazakhstan,KZT,51.2,71.4
DZA,DZ,12,DZ,알제리,Algeria,DZD,36.8,3.1
HUN,HU,348,EU,헝가리,Hungary,HUF,47.5,19.0
UKR,UA,804,UA,우크라이나,Ukraine,UAH,50.5,30.5
KWT,KW,414,KW,쿠웨이트,Kuwait,KWD,29.4,47.9
MAR,MA,504,MA,모로코,Morocco,MAD,34.0,-6.8
ECU,EC,218,EC,에콰도르,Ecuador,USD,-0.2,-78.5
SVK,SK,703,EU,슬로바키아,Slovakia,EUR,48.1,17.1
KEN,KE,404,KE,케냐,Kenya,KES,-1.3,36.8
DOM,DO,214,DO,도미니카공화국,Dominican Republic,DOP,18.5,-69.9
LKA,LK,144,LK,스리랑카,Sri Lanka,LKR,6.9,79.9
UZB,UZ,860,UZ,우즈베키스탄,Uzbekistan,UZS,41.3,69.2
ETH,ET,231,ET,에티오피아,Ethiopia,ETB,9.0,38.7
GTM,GT,320,GT,과테말라,Guatemala,GTQ,14.6,-90.5
BGR,BG,100,EU,불가리아,Bulgaria,BGN,42.7,23.3
OMN,OM,512,OM,오만,Oman,OMR,23.6,58.5
PAN,PA,591,PA,파나마,Panama,PAB,8.98,-79.5
CRI,CR,188,CR,코스타리카,Costa Rica,CRC,9.9,-84.1
HRV,HR,191,EU,크로아티아,Croatia,EUR,45.8,16.0
LTU,LT,440,EU,리투아니아,Lithuania,EUR,54.7,25.3
SVN,SI,705,EU,슬로베니아,Slovenia,EUR,46.1,14.5
SRB,RS,688,RS,세르비아,Serbia,RSD,44.8,20.5
ARE,AE,784,AE,아랍에미리트,United Arab Emirates,AED,24.5,54.4
NGA,NG,566,NG,나이지리아,Nigeria,NGN,9.1,7.5
IRQ,IQ,368,IQ,이라크,Iraq,IQD,33.3,44.4
JOR,JO,400,JO,요르단,Jordan,JOD,31.9,35.9
TUN,TN,788,TN,튀니지,Tunisia,TND,36.8,10.2
BHR,BH,48,BH,바레인,Bahrain,BHD,26.2,50.6
LVA,LV,428,EU,라트비아,Latvia,EUR,56.9,24.1
EST,EE,233,EU,에스토니아,Estonia,EUR,59.4,24.7
CYP,CY,196,EU,키프로스,Cyprus,EUR,35.2,33.4
LUX,LU,442,EU,룩셈부르크,Luxembourg,EUR,49.6,6.1
ISL,IS,352,IS,아이슬란드,Iceland,ISK,64.1,-21.9
HKG,HK,344,HK,홍콩,Hong Kong,HKD,22.3,114.2
TWN,TW,490,TW,대만,Taiwan,TWD,25.0,121.5
